F_NAME,LONG,LAT,F_TYPE,AGENCY
ANMER DISP,36.84009,-1.137387,4,MOH
BATHI DISP,36.6347,-0.978523,4,MISS
BIBIRIONI DISP,36.6171,-1.08108,4,MISS
CHURA DISP,36.6896,-1.21635,4,MOH
CIANDA DISP,36.7613,-1.1328,4,MOH
GACHOIRE DISP,36.7044,-0.991187,4,MOH
GATHANGA DISP,36.791234,-1.182312,4,MOH
GATHANGARI DISP,36.7054,-1.06802,4,MOH
GIATHIEKO DISP,36.8279,-1.09883,4,MOH
GICHARANI DISP,36.65,-1.27,4,MISS
GICHURU DISP,36.6689,-1.16126,4,MOH
GITHIGA HEALTH CENTRE,36.7462,-1.083,3,MOH
GITHUNGURI HEALTH CENTRE,36.788,-1.05339,3,MOH
GITIHA HEALTH CENTRE,36.6896,-1.0742,3,MOH
HOLY CROSS (THIGIO) DISP,36.56731,-1.196205,4,MISS
KAARIA DISP,36.801234,-1.14234,4,MOH
KAGAA HEALTH CENTRE,36.7467,-1.05093,3,MOH
KAGWE CATHOLIC MISSION DISP,36.743433,-1.001209,4,MISS
KAGWE HEALTH CENTRE,36.7392,-1.00448,3,MOH
KAMAE FOREST DISP,36.624,-0.870245,4,MOH
KAMBURU DISP,36.7082,-1.01588,4,MOH
KARAI HEALTH CENTRE,36.5765,-1.28069,3,MOH
KARIA DISP,36.82123,-1.174213,4,MOH
KARURA SDA DISP,36.78,-1.22,4,MISS
KARURI HEALTH CENTRE,36.7399,-1.18431,3,MOH
KENTMERE DISP,36.658545,-1.122966,4,MISS
KIAMBAA DISP,36.8456,-1.13999,4,MOH
KIAMBU DISTRICT HOSPITAL,36.82993,-1.16938,1,MOH
KIAWAROGA DISP,36.702703,-1.10046,4,MOH
KIBUBUTI HEALTH CENTRE,36.783449,-1.157365,3,MISS
KIENI FOREST DISP,36.648379,-0.921169,4,MOH
KIENI HEALTH CENTRE,36.619369,-0.858108,3,MOH
KIGUMO HEALTH CENTRE,36.82658,-1.031082,3,MOH
KIHARA HEALTH CENTRE,36.7386,-1.21091,3,MOH
KIJABE HOSPITAL,36.59431,-0.94349,1,MISS
KIMATHI DISP,36.8684,-1.1077,4,MOH
KINALE FOREST DISP,36.61036,-0.911261,4,MOH
KINALE HEALTH CENTRE,36.6157,-0.908237,3,MOH
KIRIITA DISP,36.6964,-0.985135,4,MOH
KIRIITA MISSION HC,36.63,-0.97,3,MISS
LARI HEALTH CENTRE,36.605,-1.02791,3,MOH
LIMURU HEALTH CENTRE,36.6366,-1.11593,3,MOH
LIOKI MISSION DISP,36.830408,-1.102112,4,MISS
LITTLE SERVANT OF SACRET HEART D,36.771525,-1.192355,4,MISS
LUSIGETTI HEALTH CENTRE,36.6136,-1.28,3,MOH
MIGAA DISP,36.8,-1.12,4,MOH
MIGUTA DISP,36.8,-1.07,4,MISS
MOST PRECIOUS BLOOD DISP,36.7,-1.18,4,MISS
NAZARETH HOSPITAL,36.7257,-1.13378,1,MISS
NDEIYA HEALTH CENTRE,36.5942,-1.16975,3,MOH
NDERU DISP,36.60586,-1.142793,4,MOH
NDURIRI DISP,36.70945,-0.984242,4,MISS
NDURIRI DISP,36.70901,-0.984685,4,MOH
NGARARIGA MISSION DISP,36.617117,-1.069369,4,MISS
NGECHA ORTHODOX  DISP,36.670303,-1.169356,4,MISS
NYATHUNA HEALTH CENTRE,36.7031,-1.20204,3,MOH
P.C.E.A. KIKUYU HOSPITAL,36.6667,-1.26667,1,MISS
RAGIA HEALTH CENTRE,36.6759,-0.791728,3,MOH
THIGIO MISSION DISP,36.6,-1.18,4,MISS
TIGONI SUB-DISTRICT HOSPITAL,36.6493,-1.12859,1,MOH
TIN'GAN'GA DISP,36.8083,-1.13366,4,MISS
UPLANDS DISP,36.6778,-1.04691,4,MOH
UTHIRU DISP,36.7086,-1.2526,4,MOH
WANGIGE HEALTH CENTRE,36.7261,-1.21737,3,MOH
BARICHO HEALTH CENTRE,37.2305,-0.563405,3,MOH
BARICHO MISS H C,37.2387,-0.568805,3,MISS
CASTLE FOREST DISP,37.351234,-0.42234,4,MOH
CHRISTIAN COMMUNITY SERVICES BAS,37.2597,-0.49407,4,MISS
CIAGINI DISP,37.3783,-0.75776,4,MOH
DIFATHAAS CATHOLIC DISP,37.400901,-0.551802,4,MISS
DIFATHAS DISP,37.4125,-0.59514,4,MOH
GACHIONGO DISP,37.4056,-0.50091,4,MOH
GATHAMBI DISP,37.2483,-0.48343,4,MOH
GATHIGIRIRI DISP,37.4391,-0.71293,4,MOH
GATUGURA DISP,37.316,-0.45683,4,MOH
GATUMBI S D A DISP,37.3798,-0.45759,4,MISS
GATWE DISP,37.284,-0.46443,4,MOH
GIRIAMBU ACK DISP,37.38695,-0.497068,4,MISS
GITHUANI C P K DISP,37.1792,-0.62098,4,MISS
GITHURE DISP,37.3836,-0.47051,4,MISS
JESMOND MBURI DISP,37.3988,-0.5237,4,MISS
KABARE DISP,37.3175,-0.51458,4,MOH
KAGIO CATHOLIC DISP,37.227,-0.63009,4,MISS
KAGUMO DISP,37.23641,-0.47139,4,MOH
KAMWETI DISP,37.3099,-0.44391,4,MOH
KANDONGO DISP,37.3038,-0.66505,4,MOH
KANGAITA DISP,37.2719,-0.48951,4,MOH
KANGARU HEALTH CENTRE,37.221234,-0.582134,3,MOH
KARAINI C P K DISP,37.2726,-0.50243,4,MISS
KARUMANDI DISP,37.3456,-0.45683,4,MOH
KERUGOYA CATHOLIC DISP,37.27838,-0.49509,4,MISS
KERUGOYA CPK DISP,37.27819,-0.50107,4,MISS
KERUGOYA DISTRICT HOSPITAL,37.2805,-0.50132,1,MOH
KIAMUTUGU HEALTH CENTRE,37.4018,-0.47279,3,MOH
KIANDAI ACK DISP,37.3,-0.48,4,MISS
KIANGAI DISP,37.2073,-0.48115,4,MOH
KIANG'OMBE DISP,37.3129,-0.49635,4,MOH
KIANJEGE DISP,37.1624,-0.5883,4,MOH
KIANYAGA H C,37.3296,-0.50091,3,MOH
KIANYAGA MISS H C,37.3426,-0.51079,3,MISS
KIARAGANA DISP,37.2035,-0.51231,4,MOH
KIBIRIGWI DISP,37.1495,-0.55638,4,MOH
KIMBIMBI HEALTH CENTRE,37.3651,-0.61705,3,MOH
KIUMBUINI DISP,37.474,-0.72129,4,MOH
KUTUS CATHOLIC DISP,37.32517,-0.56432,4,MISS
MBIRI ACK DISP,37.4,-0.48,4,MISS
MBURI ACK DISP,37.29279,-0.52252,4,MISS
MUGUMO (ACK) DISP,37.30495,-0.432433,4,MISS
MUMBUINI DISP,37.4634,-0.67797,4,MOH
MUNGANGA CPK DISP,37.254,-0.621,4,MISS
MURINDUKO DISP,37.44077,-0.57294,4,MOH
MUTHITHI DISP,37.3038,-0.73269,4,MOH
MUTIRA ACK DISP,37.23,-0.48,4,MISS
MWEA MISS HOSPITAL,37.34924,-0.66137,1,MISS
NGIRIAMBU DISP,37.3828,-0.50167,4,MISS
NGUKA DISP,37.316,-0.68633,4,MOH
NJEGAS DISP,37.2924,-0.70913,4,MOH
SAGANA H C,37.2187,-0.67113,3,MOH
SAGANA MISS DISP,37.2308,-0.65213,4,MISS
ST ANDREWS MBIRI DISP,37.3258,-0.51838,4,MISS
ST LUKE'S MUNGAGA DISP,37.262,-0.72281,4,MISS
THIBA DISP,37.3327,-0.70457,4,MOH
THUMAITA DISP,37.3585,-0.43935,4,MISS
AIC MUNUNGA DISP,36.852509,-0.739723,4,MISS
GIKOE DISP,36.9013,-0.761775,4,MOH
ICHAGAKI HEALTH CENTRE,37.070665,-0.816915,3,MISS
KAMBITI DISP,37.25123,-0.812354,4,MOH
KAMUNGANGA DISP,36.976049,-0.785806,4,MISS
KANDERENDU DISP,36.797738,-0.781589,4,MOH
KANGARI DISP,36.851234,-0.781234,4,MOH
KINYONA DISP,36.827,-0.748188,4,MISS
MARAGUA DISTRICT HOSPITAL (RHTC),37.12663,-0.78693,1,MOH
MARAGUA RIDGE HEALTH CENTRE,37.2,-0.77,3,MOH
MARANJAU GK PRISON DISP,37.209983,-0.803599,4,MOH
MARIRA DISP,36.9348,-0.79846,4,MISS
MUTHITHI DISP,37.0485,-0.810626,4,MISS
MUTHITHI DISP,37.044121,-0.801467,4,MOH
TATA HANAH DISP,36.892918,-0.776771,4,MISS
GACHARAGENI DISP,36.8478,-0.61184,4,MOH
GAKURWE DISP,37.0161,-0.627688,4,MOH
GATANGARA DISP,36.93,-0.7,4,MOH
GATARA DISP,36.86,-0.72,4,MOH
GATHAITHI DISP,36.8923,-0.740291,4,MOH
GATHERU DISP,37.0632,-0.728944,4,MOH
GATURI DISP,37.10059,-0.64613,4,MISS
GIKUI DISP,37.014,-0.676591,4,MOH
GITARO DISP,37.07393,-0.74295,4,MOH
GITUGI DISP,37.0255,-0.655967,4,MOH
ICHICHI DISP,36.8387,-0.704469,4,MOH
IRURI DISP,37.028378,-0.596847,4,MOH
KAGUMOINI DISP,36.9821,-0.620072,4,MOH
KAHUHIA ACK DISP,37.04,-0.71,4,MISS
KAIRO DISP,36.8629,-0.610663,4,MOH
KAMBIRWA DISP,37.1921,-0.741239,4,MOH
KANGEMA HEALTH CENTRE,36.97065,-0.68709,3,MOH
KANJAMA DISP,36.9522,-0.619082,4,MOH
KANYENYAINI DISP,36.8829,-0.686016,4,MOH
KARAHA DISP,37.12342,-0.751234,4,MISS
KIAMARA DISP,37.0636,-0.697581,4,MOH
KIANGOCHI DISP,37.118469,-0.760811,4,MOH
KIANGUNYI MISSION DISP,36.98927,-0.69231,4,MISS
KIBUTHA DISP,36.91892,-0.698198,4,MOH
KIGETUINI DISP,37.162341,-0.673212,4,MOH
KIHOYA DISP,36.88874,-0.648649,4,MOH
KIHURO ACK DISP,36.97,-0.61,4,MISS
KIRIA DISP,37.0672,-0.767812,4,MOH
KIRIAINI DISP,36.95155,-0.59941,4,MOH
KIRIAINI MISS. HOSPITAL,36.9482,-0.597467,1,MISS
KIROGO HEALTH CENTRE,37.02947,-0.71178,3,MOH
MIHUTI DISP,36.96,-0.66,4,MISS
MUGEKA HEALTH CENTRE,37.09145,-0.63969,3,MOH
MUGOIRI  MISSION DISP,37.02561,-0.74839,4,MISS
MURANGA DISTRICT HOSPITAL,37.15985,-0.71587,1,MOH
MURARANDIA DISP,36.8958,-0.718632,4,MOH
MURIRANJAS SUB-DISTRICT HOSP.,36.97306,-0.74315,1,MOH
NYAKIANGA DISP,36.95746,-0.63943,4,MOH
RWATHIA DISP,36.9328,-0.659602,4,MOH
TUTHU SUB HEALTH CENTRE,36.831081,-0.6667,3,MOH
WAHUNDURA DISP,36.98123,-0.591234,4,MOH
WANJENGI DISP,37.0117,-0.724185,4,MOH
WANJERERE DISP,36.84123,-0.651234,4,MOH
WEITHAGA DISP,36.97671,-0.71253,4,MISS
GACIIKA DISP,36.77253,-0.972523,4,MOH
KIMAKIA FOREST DISP,36.763212,-0.771423,4,MOH
AL-SULTAN DISP,39.595692,-3.82122,4,MISS
BAMBA HEALTH CENTRE,39.523701,-3.54541,3,MOH
BOMANI DISP,39.749401,-3.88427,4,MOH
BWAGAMOYO DISP,39.64452,-3.92021,4,MOH
CHASIMBA/MWELE DISP,39.699951,-3.73492,4,MOH
DIDA DISP,39.805408,-3.42881,4,MOH
GANZE DISP,39.671959,-3.54244,4,MOH
GIRIAMA MISSION DISP,39.585923,-3.814363,4,MISS
GOTANI DISP,39.540619,-3.78647,4,MOH
JARIBUNI DISP,39.742729,-3.63261,4,MOH
JIBANA HEALTH CENTRE,39.686451,-3.83107,3,MOH
JUNJU DISP,39.761131,-3.82987,4,MOH
KILIFI DISTRICT HOSPITAL,39.85722,-3.63205,1,MOH
KINARANI DISP,39.579223,-3.729553,4,MOH
KIZINGO H C,39.676958,-3.782055,3,MOH
KOMBENI DISP,39.58707,-3.91277,4,MOH
LENGA DISP,39.661819,-3.8669,4,MOH
MARIAKANI HEALTH CENTRE,39.49386,-3.85673,3,MOH
MATSANGONI DISP,39.928551,-3.3904,4,MOH
MGAMBONI DISP,39.663441,-3.84524,4,MOH
MTWAPA DISP,39.738239,-3.91792,4,MOH
NGERENYA DISP,39.862282,-3.51353,4,MOH
PINGILIKANI DISP,39.773449,-3.77444,4,MOH
RABAI HEALTH CENTRE,39.566319,-3.93892,3,MOH
RIBE DISP,39.63147,-3.8854,4,MOH
ST TERESA'S CATHOLIC DISP,39.705671,-3.777286,4,MISS
ST. LUKE'S KALOLENI HOSPITAL,39.6334,-3.8166,1,MISS
SUN N SAND DISP,39.779401,-3.88018,4,MISS
TAKAUNGU DISP,39.8592,-3.68278,4,MOH
TSANGATSINI DISP,39.44978,-3.71439,4,MOH
UNION MEDICAL DISP,39.594903,-3.883313,4,MISS
VIPINGO HEALTH CENTRE,39.809422,-3.81929,3,MOH
VIPINGO SISAL ESTATE DISP,39.8133,-3.80758,4,MISS
VITENGENI DISP,39.707989,-3.35909,4,MOH
KAKUYUNI DISP,40.001911,-3.22065,4,MOH
ALMS HOUSE DISP,39.663987,-4.041251,4,LA
ANNEXE DISP,39.714984,-4.005339,4,MOH
BAMBURI DISP,39.707035,-3.973318,4,LA
CHAANI DISP,39.61943,-4.016913,4,LA
COAST PROVINCIAL GENERAL HOSP.,39.677362,-4.059355,2,MOH
CRESCENT MEDICAL AID DISP,39.644637,-4.100958,4,MISS
ELIZA MEDICAL RENT DISP,39.665141,-4.056412,4,MISS
GANJONI (CDC) DISP,39.658767,-4.065307,4,LA
HOLY GHOST CATHEDRAL DISP,39.680918,-4.064671,4,MISS
JOMVU KUU HEALTH CENTRE,39.598962,-3.987726,3,LA
JOMVU REFUGEE CAMP,39.596276,-3.990976,4,NGO
KILINDINI PORT DISP,39.65,-4.08,4,MOH
KISAUNI DISP,39.692579,-4.030596,4,MOH
KONGOWEA HEALTH CENTRE,39.684077,-4.041348,3,MOH
KONGOWEA MED DISP,39.68,-4.039701,4,MISS
KWA JOMVU HEALTH CENTRE,39.6,-4.04,3,LA
LIKONI HEALTH CENTRE,39.655484,-4.085214,3,MOH
LIKONI MISSION DISP,39.644641,-4.111836,4,MISS
MAGONGO HEALTH CENTRE,39.63,-4.0352,3,LA
MAJENGO DISP,39.66667,-4.031532,4,LA
MAJENGO MCH/FP CLINIC,39.663509,-4.058393,4,NGO
MAKUPA HEALTH CENTRE,39.655225,-4.03153,3,LA
MAKUPA MCH/FP CLINIC,39.660636,-4.045181,4,NGO
MIKINDANI MISSION DISP,39.648458,-4.029325,4,MISS
MIRITINI DISP,39.58529,-4.010761,4,LA
MKOMANI HARAMBEE DISP,39.674068,-4.063657,4,NGO
MOW SHIMANZI DISP,39.651523,-4.045337,4,LA
MTONGWE DISP,39.641934,-4.068683,4,MISS
MTONGWE HEALTH CENTRE,39.639063,-4.081243,3,MOH
MVITA DISP (MOMBASA),39.67,-4.05,4,LA
MWAKIRUGE DISP,39.685962,-3.960939,4,LA
MWEMBE TAYARI SUB HEALTH CENTRE,39.672694,-4.064651,3,LA
NGOMEN DISP,39.67,-4.06,4,MOH
OLD TOWN KADER BHOY DISP,39.674455,-4.05783,4,LA
PORT REITZ DISTRICT HOSPITAL,39.602867,-4.039267,1,MOH
SHANZU HADIEK COLLEGE DISP,39.743165,-3.976707,4,LA
SHIMO LA TEWA DISP,39.742418,-3.956292,4,MOH
STATE HOUSE DISP,39.667547,-4.071958,4,MOH
STELLA MARIE DISP,39.65792,-4.117456,4,MISS
TIMBWANI CONSOLATA SISTERS DISPE,39.657845,-4.094899,4,MISS
TUDOR HEALTH CENTRE,39.661421,-4.029273,3,MOH
UKUMBUSHO CPK HOSP,39.68143,-4.068035,1,MISS
UTANGE DISP,39.72,-3.97,4,LA
UTANGE REFUGEE CAMP DISP,39.718534,-3.979314,4,NGO
ASAKO DISP,39.014671,-0.151968,4,MOH
ASSA DISP,39.424629,-2.05182,4,MOH
BANGALE DISP,39.016659,-0.72541,4,MOH
BURA CATHOLIC DISP(TANA RIVER),39.91806,-1.084244,4,MISS
BURA HEALTH CENTRE,39.838829,-1.18281,3,MOH
BURA NYS DISP,39.82103,-1.18688,4,MOH
CHEWANI DISP,40.02169,-1.43728,4,MOH
CHEWELE DISP,39.951618,-1.158,4,MOH
CHIFIRI DISP,39.164769,-1.191098,4,MOH
DABA DISP,39.45,-1.57,4,MISS
ELDORO DISP(TANA RIVER),39.11,-2.97,4,MISS
EMMAUS DISP,40.02795,-1.499007,4,MISS
GARSEN HEALTH CENTRE,40.10762,-2.27091,3,MOH
HOLA DISTRICT HOSPITAL,40.030251,-1.4988,1,MOH
HOLA MISSION DISP,40.03208,-1.512465,4,MISS
HURUMA DISP,39.918406,-1.084244,4,MISS
IDSOWE DISP,40.122978,-2.29391,4,MOH
KAU DISP,40.453161,-2.473381,4,MOH
KIARUKUNGU DISP,39.9648,-1.47434,4,MISS
KIPAO DISP,40.216583,-2.422858,4,MOH
KORATI DISP,39.359733,-0.19679,4,MOH
MADOGO HEALTH CENTRE,39.607311,-0.47267,3,MOH
MAJENGO DISP,40.1135,-1.903,4,MOH
MAKERE DISP,40.000669,-1.3372,4,MOH
MAKERE DISP,40.009009,-1.331081,4,MISS
MAREMBO DISP,40.07,-2.12,4,MOH
MARYKNOLL DISP,39.92,-1.1,4,MISS
MAUMAU SEC SUB-HEALTH CENTRE,40.00832,-1.50592,3,MOH
MAZIWA DISP,40.135109,-2.18453,4,MOH
MBALAMBALA DISP,39.066174,-1.134399,4,MOH
MNAZINI DISP,40.149052,-1.97791,4,MOH
MORORO HEALTH CENTRE,39.632476,-0.474663,3,MOH
MULANJO DISP,39.429224,-0.296412,4,MOH
NANIGHI DISP,39.851012,-0.85945,4,MOH
NANIGHI NYS DISP,39.888416,-0.98261,4,MOH
NGAO SUB-DISTRICT HOSPITAL,40.201099,-2.41221,1,MOH
ODA DISP,40.193821,-2.46857,4,MOH
OZI DISP,40.42429,-2.509831,4,MOH
PUMWANI DISP,40.068272,-1.6107,4,MOH
SEMIKARO DISP,40.297727,-2.579019,4,MOH
TARASA DISP,40.132089,-2.581755,4,MISS
TITILA DISP,39.245279,-1.722188,4,MISS
UMOJA DISP,39.9946,-1.41398,4,MISS
WALDENA AIC DISP,39.059394,-1.691848,4,MISS
WALDENA DISP,39.02536,-1.61078,4,MOH
WAYU DISP,39.583912,-1.53075,4,MOH
WEMA MISSION DISP,40.164164,-2.229695,4,MISS
WENJE CATHOLIC DISP,40.098,-1.786,4,MISS
WENJE DISP,40.109058,-1.78983,4,MOH
CONSOLATA HOSPITAL KYENI,37.5968,-0.417376,1,MISS
EMBU CHILDREN CLINIC,37.451526,-0.522311,4,MISS
EMBU PGH,37.453604,-0.522973,2,MOH
ENA DISP,37.55,-0.47,4,MOH
GAIKAMA DISP,37.5076,-0.385563,4,MISS
GATUMBI DISP,37.572321,-0.381235,4,MOH
GATUNDURI DISP,37.471234,-0.482321,4,MOH
GERTRUDES DISP,37.4744,-0.548287,4,MISS
KAGUMOINI DISP,37.4763,-0.555864,4,MISS
KAIRURI DISP,37.4647,-0.430926,4,MOH
KANGARU DISP,37.4649,-0.509833,4,MOH
KANJA DISP,37.5275,-0.379137,4,MOH
KARAU H C,37.4615,-0.387075,3,MOH
KARURUMO RHTC,37.66,-0.46,3,MOH
KATHANGARI DISP,37.4451,-0.478747,4,MOH
KATHANGARIRI DISP,37.45,-0.41,4,MOH
KATHANJURI DISP,37.61,-0.42,4,MOH
KEVOTE DISP,37.5349,-0.444724,4,MISS
KIANJOKOMA HEALTH CENTRE,37.5016,-0.397093,3,MOH
KIBUGU HEALTH CENTRE,37.4352,-0.444346,3,MOH
KIGUMO DISP,37.64,-0.42085,4,MISS
KIRIARI CPK DISP,37.4732,-0.398038,4,MISS
KITHEGI DISP,37.5585,-0.510879,4,MOH
KITHIMU DISP,37.5192,-0.507477,4,MOH
KITHUNGURIRI DISP,37.4778,-0.358109,4,MOH
MAKENGI DISP,37.5228,-0.452285,4,MOH
MOTHER NAZZALLERO MISSION DISP,37.4782,-0.563803,4,MISS
MUFU DISP,37.5869,-0.396106,4,MOH
NEMBURE DISP,37.508,-0.471186,4,MOH
NGUVIU DISP,37.44,-0.41,4,MISS
NTHAGAIYA DISP,37.5764,-0.46765,4,MISS
RUNYENJES SUB-DISTRICT HOSPITAL,37.5698,-0.424635,1,MOH
BALESA DISP,37.32,3.62,4,MOH
BUBISA DISP,38.11,2.59,4,MOH
DIRIB GOMBO DISP,38.0804,2.27459,4,MISS
DUKANA DISP,37.242123,3.932321,4,MOH
GAS DISP,36.71,3.22,4,MOH
GATAB AIC DISP,36.951122,2.565737,4,MISS
HURI HILLS DISP,37.8293,3.48922,4,MOH
ILLAUT DISP,37.249495,1.927378,4,MISS
ILLERET SUB HEALTH CENTRE,36.4309,4.04737,3,MOH
KALACHA DISP,37.4235,3.17081,4,MISS
KARARE DISP,37.9,2.22,4,MISS
KARGI DISP,37.4018,2.49874,4,MISS
KORR DISP,37.496,2.06362,4,MISS
KOYA DISP,38.2785,1.59324,4,MOH
"LAISAMIS MISS. HOSPITAL, DIOCESE",37.8004,1.6001,1,MISS
LOGOLOGO DISP,37.89,1.98,4,MISS
LOIYANGALANI DISP,36.4454,3.04149,4,MISS
MAIKONA DISP,37.762325,2.812325,4,MOH
MAIKONA DISP,37.8945,3.12833,4,MISS
MANYATTA JILLO DISP,38.09,2.44,4,MOH
MARSABIT CATHOLIC DISP,37.983,2.331,4,MISS
MARSABIT DISTRICT HOSPITAL,37.985249,2.324839,1,MOH
MERILLE DISP,37.782325,1.492321,4,MOH
NGURUNIT DISP,37.38,1.75,4,MISS
NORTH HORR HEALTH CENTRE,37.0757,3.39515,3,MISS
SAGANTE DISP,38.089029,2.328398,4,MOH
SONGA DISP,38.0581,2.21373,4,MOH
TURBI DISP,38.355247,2.997043,4,MOH
BORI DISP,39.00012,3.44123,4,MOH
DABEL DISP,39.252721,3.104744,4,MISS
DAMBALA FACHANA DISP,38.83231,3.42123,4,MOH
GODOMA DISP,39.277306,3.42103,4,MOH
GOLOLE DISP,38.57231,3.572321,4,MOH
MOYALE DISTRICT HOSPITAL,39.026077,3.499712,1,MOH
SOLOLO MISS. HOSPITAL,38.672035,3.288957,1,MISS
TURBI DISP,38.6,3.57,4,MISS
URAN DISP,38.563988,3.610375,4,MOH
WALDA DISP,38.448367,3.604252,4,MISS
BARAGU DISP,37.67,-0.24,4,MOH
CHEERA DISP,37.71,-0.35,4,MISS
CHUKA CONSOLATA COTTAGE HOSPITAL,37.648978,-0.32926,1,MISS
CHUKA HOSPITAL,37.645496,-0.32748,1,MOH
ERUMA DISP - NGURUKI DISP,37.677928,-0.21578,4,MISS
GAATIA (PCEA) DISP,37.627467,-0.227369,4,MISS
IKUMBO (PCEA) DISP,37.73,-0.27,4,MISS
IKUU DISP,37.6561,-0.372752,4,MISS
IRIGA DISP,37.61,-0.27,4,MISS
ITUGURURU DISP,37.7083,-0.415323,4,MISS
KAANWA DISP,37.716311,-0.318921,4,MISS
KAARE CCM DISP,37.77,-0.17,4,MISS
KAARE PCEA DISP,37.77,-0.19,4,MISS
KAJIAMPAU DISP,37.8508,-0.311828,4,MISS
KAMBANDI DISP,37.668919,-0.352703,4,MISS
KANJUKI HEALTH CENTRE,37.83232,-0.34231,3,MOH
KARIAKOMO MISSION DISP,37.68,-0.24,4,MISS
KARIMBA DISP,37.69,-0.298835,4,MISS
KARONGONI CATHOLIC DISP,37.699153,-0.330064,4,MISS
KIAIRUGU DISP,37.71,-0.23,4,MISS
KIAMUCHAIRU DISP,37.66,-0.22,4,MISS
KIANGONDU DISP,37.6156,-0.3181,4,MISS
KIBUGUA DISP,37.62027,-0.36982,4,MOH
KIENI DISP,37.7,-0.22,4,MISS
KIERA WOMANS GUILD DISP,37.77,-0.23,4,MISS
KIERENI DISP,37.6443,-0.344086,4,MISS
KIGOGO DISP,37.7,-0.38,4,MISS
KIINI DISP,37.6393,-0.290323,4,MOH
KIRIANI DISP,37.627,-0.26,4,MISS
KIROO DISP,37.71,-0.21,4,MISS
KIRUMI DISP,37.702703,-0.23964,4,MOH
MAGENKA DISP,37.66,-0.41,4,MISS
MAGUNDU DISPENSARY,37.68,-0.3,4,MISS
MAGUTUNI SUB-DISTRICT HOSPITAL,37.751235,-0.23523,1,MOH
MINUGU DISP,37.64,-0.3,4,MISS
MPUKONI HEALTH CENTRE,37.6608,-0.380376,3,MOH
MUKUI DISP,37.711171,-0.257658,4,MOH
MUKUUNI DISP,37.651,-0.387097,4,MISS
MUMBUNI DISP,37.76,-0.28,4,MOH
MURAMBANI DISP,37.73,-0.28,4,MISS
MUTHAMBI CATHOLIC DISP,37.69,-0.27,4,MISS
MUTHAMBI HEALTH CENTRE,37.68,-0.28,3,MOH
MUTINDWA DISP,37.60048,-0.238288,4,MISS
NGERU DISP,37.671,-0.244,4,MISS
NYANGANI DISP,37.62,-0.28,4,MISS
P.C.E.A. CHOGORIA MISS. HOSP,37.6065,-0.21121,1,MISS
THINDIGWA DISP,37.63,-0.23,4,MISS
WERU DISP,37.7133,-0.363351,4,MISS
CHIAKARIGA HEALTH CENTRE,37.92,-0.28,3,MOH
GATUNGA MISSION DISP,38.000418,-0.097054,4,MISS
KAMANYAKI DISP,37.97,-0.32,4,MOH
KANYURU DISP,37.90093,-0.149053,4,MOH
KATHAGACHINI  DISP,38.13,-0.12,4,MOH
MATERI GIRLS SCH DISP,37.8041,-0.193403,4,MISS
MATIRI MISSION HOSPITAL,37.91243,-0.31234,1,MISS
NKONDI DISP,37.956,-0.04053,4,MOH
RUUNGU DISP,37.88,-0.1,4,MISS
THARAKA DISTRICT HOSPITAL,37.97,-0.16,1,MOH
TUNYAI DISP,38.04,-0.17,4,MOH
USUENI DISP,38.2,-0.13,4,MOH
ALIJUGUR DISP,40.5711,-0.41064,4,MOH
BENANE DISP,38.831,0.42712,4,MOH
BODHAI DISP,40.526,-1.84772,4,MOH
BULA IFTIN DISP,39.660428,-0.48067,4,NGO
BULLAMEDINA DISP,39.724797,-0.349028,4,MOH
BURA DISP,39.9782,-1.0164,4,MOH
DAADAB SUB- HEALTH CENTRE,40.212,-0.08411,3,MOH
DAGAHALEY HOSPITAL,40.342856,0.150541,1,MISS
GALMAGALLA DISP,40.816,-1.23551,4,MOH
GARISSA DISP (MCH/FP),39.649818,-0.448781,4,MOH
GARISSA PROVINCIAL GENERAL HOSPI,39.7739,-0.334012,2,MOH
HAGADERA HOSPITAL,40.371544,0.01613,1,MISS
HORA DISP,40.2083,-1.83404,4,MOH
HULUGHO SUB HEALTH CENTRE,41.5061,-1.57508,3,MOH
IFO HOSPITAL,40.32,0.07,1,MISS
IFTIN HEALTH CENTRE,39.7138,-0.52509,3,MISS
IJARA DISP,40.6083,-1.54577,4,MOH
ISLAMIC AFRICAN RELIEF AGENCY DI,39.7138,-0.374338,4,MISS
KORA KORA DISP,39.7849,-0.5653,4,MOH
KOTILE DISP,40.2489,-1.91216,4,MOH
LIBOI HEALTH CENTRE,40.8309,0.34724,3,MOH
MASABUBU DISP,40.0427,-1.23551,4,MOH
MASALANI HEALTH CENTRE,40.2964,-1.6501,3,MOH
MBALAMBALA DISP,39.0759,0.00824,4,MOH
MODOGASHE HEALTH CENTRE,39.143,0.66606,3,MOH
NANIGHI DISP,39.8558,-0.68774,4,MOH
SAKA DISP,39.366,-0.10131,4,MOH
SANGAILU DISP,40.8289,-1.39017,4,MOH
SANKURI DISP,39.4755,-0.16575,4,MOH
SHANTABAK DISP.,39.6306,0.24409,4,MOH
Y.M.A. DISP,39.6983,-0.499716,4,MISS
ARABIA DISP,41.582429,3.537979,4,MOH
AS-HABITO DISP,40.867,3.33798,4,MOH
BANISA DISP,40.35221,3.911244,4,MOH
DANDU DISP,39.862221,3.42234,4,MOH
ELWAK HEALTH CENTRE,40.935457,2.784906,3,MOH
KALALIYO DISP,41.619151,3.950161,4,MOH
KUTULO DISP,40.7295,2.37357,4,MOH
LIBEHIA DISP,41.490197,3.801036,4,MOH
SHIBIR FATUMA DISP,40.65181,2.994166,4,MISS
TAKABA HEALTH CENTRE,40.215075,3.372873,3,MOH
WARGADUD DISP,40.865514,3.140544,4,MOH
ABAKORE DISP,39.716838,0.602452,4,MOH
AFRICA MUSLIM AGENCY DISP,39.968956,1.71834,4,MISS
AJAWA DISP,39.594792,3.070257,4,MOH
ARBAJAHAN DISP,39.0811,2.0912,4,MOH
BIYAMATHOW DISP,40.801336,0.397138,4,MOH
BUNA HEALTH CENTRE,39.461783,3.019239,3,MOH
DAMBAS DISP,39.9967,2.38608,4,MOH
DANABA DISP,39.731182,3.280454,4,MOH
DIFF DISP,40.984295,0.986078,4,MOH
ELBEN DISP,40.2461,2.532,4,MOH
ELDAS DISP,39.638052,2.407958,4,MOH
GRIFTU HEALTH CENTRE,39.7807,2.04256,3,MOH
GURAR DISP,39.548819,3.298583,4,MOH
HABASWEIN HEALTH CENTRE,39.504103,0.969016,3,MOH
HADADO HEALTH CENTRE,39.449424,1.521219,3,MOH
KHOROF HARAR H C,40.532626,2.075658,3,MOH
MANSA DISP,40.153837,2.992912,4,MOH
SABULI DISP,40.309499,0.233169,4,MOH
SARIF DISP,40.546779,0.682761,4,MOH
TARBAJ HEALTH CENTRE,40.09833,2.152085,3,MOH
TULATULA DISP,39.764579,1.880258,4,MOH
WAGALLA DISP,39.931893,1.785442,4,MOH
WAJIR AIC DISP,40.058645,1.771501,4,MISS
WAJIR BOR DISP,40.805737,1.954284,4,MOH
WAJIR DISTRICT HOSPITAL,40.0396,1.6909,1,MOH
APTC  EMBAKASI HEALTH CENTRE,36.95676,-1.28724,3,LA
AYANY ESTATE HEALTH CENTRE,36.77192,-1.30508,3,LA
BABA DOGO HEALTH CENTRE,36.88416,-1.2441,3,LA
BAHATI DISP,36.86215,-1.29221,4,MISS
BAHATI HEALTH CENTRE,36.861624,-1.286682,3,LA
BORAH ROAD DISP,36.83112,-1.27123,4,LA
CALIFORNIA HC,36.85212,-1.28334,3,LA
CATHOLIC DISP,36.84111,-1.26341,4,MISS
CHARLES NEW ROAD HC,36.87223,-1.28315,3,LA
CRESCENT MEDICAL AID EASTLEIGH,36.85221,-1.26114,4,MISS
CRESCENT MEDICAL AID MUKURU,36.89223,-1.31415,4,MISS
CRESENT MEDICAL AID KENYA,36.83111,-1.28141,4,MISS
DANDORA 2 HEALTH CENTRE,36.90223,-1.24474,3,LA
DANDORA HEALTH CENTRE,36.88775,-1.25761,3,LA
EASTLEIGH HEALTH CENTRE,36.85029,-1.26869,3,LA
EASTLEIGH LINES HC,36.85121,-1.27223,3,LA
EMBAKASI DISP,36.91262,-1.30795,4,LA
GETRUDES GARDENS CHILDREN'S HOSP,36.830249,-1.253175,1,MISS
HIGHRIDGE HC,36.81763,-1.25736,3,LA
HONO CRESCENT HC,36.85865,-1.28773,3,LA
HURUMA LIONS CLINIC,36.85214,-1.26111,3,NGO
INDUSTRIAL AREA LUNGA/L DISP,36.86157,-1.30783,4,LA
INDUSTRIAL AREA PRISON HEALTH CE,36.83661,-1.29805,3,MOH
INOCULATION CENTRE DISP,36.82171,-1.28358,4,LA
JAMIA CRESCENT MEDICAL AID DISP,36.8205,-1.27776,4,MISS
JERICHO HEALTH CENTRE,36.87117,-1.28896,3,LA
JERUSALEM HEALTH CENTRE,36.86548,-1.28258,3,LA
KABETE TECHNICAL AND TRADE DISP,36.72543,-1.26114,4,MOH
KAHAWA HEALTH CENTRE,36.91278,-1.18716,3,LA
KALOLENI SHC,36.84534,-1.29282,3,LA
KAMITI HEALTH CENTRE,36.89342,-1.1761,3,MOH
KANGEMI HEALTH CENTRE,36.74933,-1.26461,3,LA
KAREN HEALTH CENTRE,36.70876,-1.32211,3,LA
KARIOBANGI CATHOLIC DISP,36.88214,-1.26314,4,MISS
KARIOBANGI CHESIRE HOME DISP,36.88111,-1.25123,4,MISS
KARIOBANGI HEALTH CENTRE,36.87978,-1.25174,3,LA
KARIOBANGI MCH / FP DISP,36.87978,-1.25174,4,LA
KARIOKOR DISP,36.83552,-1.2763,4,LA
KASARANI SHC,36.90139,-1.21821,3,LA
KAWANGWARE HEALTH CENTRE,36.74052,-1.28405,3,LA
KAYOLE HEALTH CENTRE,36.91668,-1.26649,3,MOH
KENYATTA NATIONAL HOSPITAL,36.806388,-1.300876,2,MOH
KICC DISP,36.8228,-1.28704,4,MOH
LADY NORTH HEALTH CENTRE,36.81064,-1.28551,3,MOH
LAGOS HC,36.8231,-1.28012,3,LA
LANGATA HEALTH CENTRE,36.7783,-1.31814,3,MOH
LITTLE SISTERS OF ST FRANCIS,36.92214,-1.23415,4,MISS
LOCO HEALTH CENTRE,36.82667,-1.29131,3,MOH
LOWER KABETE SHC,36.7447,-1.23768,3,LA
LUNGA LUNGA HEALTH CENTRE,36.86157,-1.30783,3,LA
MAKADARA HC,36.87226,-1.29431,3,LA
MAKONGENI HC,36.84754,-1.29394,3,LA
MARINGO HC,36.86451,-1.28894,3,LA
MATER MISERICORDIAE HOSPITAL,36.833478,-1.305393,1,MISS
MATHARE NORTH HEALTH CENTRE,36.86485,-1.25323,3,LA
MATHARI MENTAL HOSPITAL,36.844302,-1.259489,1,MOH
MBAGATHI DISTRICT HOSPITAL,36.802242,-1.307925,1,MOH
MUTHURWA DISP,36.8332,-1.2834,4,LA
NAIROBI SOUTH B HEALTH CENTRE,36.836938,-1.309483,3,MOH
NAIROBI WEST SISTERS DISP,36.81121,-1.3101,4,MISS
NGAIRA AVENUE DISP,36.82251,-1.28894,4,LA
NGARA HEALTH CENTRE,36.83046,-1.27077,3,LA
NGONG ROAD SHC,36.7576,-1.29896,3,LA
NYS HEALTH CENTRE,36.86425,-1.24995,3,MOH
NYS PUBLIC HEALTH,36.86425,-1.24995,3,MOH
OFAFA JERICHO SHC,36.871071,-1.289024,3,LA
OFAFA NAIROBI HC,36.870483,-1.288752,3,LA
P & T MCH DISP,36.872106,-1.247265,4,MOH
PANGANI HC,36.83815,-1.26741,3,LA
PROVIDE INTERNATIONAL DISP,36.911501,-1.268017,4,NGO
PUMWANI DISP,36.84565,-1.27777,4,LA
RHODES AVENUE & CHEST & T. HEALT,36.82251,-1.28894,3,LA
RIRUTA CATHOLIC DISP,36.73649,-1.27883,4,MISS
RIRUTA HEALTH CENTRE,36.74052,-1.28405,3,LA
SHAURI MOYO DISP,36.84511,-1.28729,4,LA
SHAURI MOYO SDA DISP NAIROBI,36.85,-1.29,4,MISS
SOWETO/KAYOLE DISP,36.91808,-1.26916,4,LA
SPECIAL STD DISP,36.82471,-1.27904,4,MOH
STATE HOUSE DISP,36.79915,-1.28435,4,MOH
STATE HOUSE ROAD DISP,36.80337,-1.27623,4,LA
UHURU AP CAMP DISP,36.80617,-1.29582,4,MOH
ULINZI HOUSE MIR DISP,36.79868,-1.28994,4,MOH
UMOJA HEALTH CENTRE,36.88726,-1.27931,3,LA
UTALII COLLEGE DISP,36.85362,-1.25503,4,MOH
WAITHAKA HEALTH CENTRE,36.71516,-1.27885,3,LA
WESTLANDS DISP,36.79847,-1.25851,4,LA
WESTLANDS HEALTH CENTRE,36.801751,-1.260665,3,LA
WILSON AIRPORT DISP,36.80738,-1.30921,4,MOH
WOODLEY DISP,36.77706,-1.30227,4,LA
ABIDHA HC,34.41064,-0.15902,3,MOH
ANYUONGI DISP,34.27613,-0.17618,4,MOH
ARO COMMUNITY HOSP.,34.35579,-0.06953,1,NGO
BONDO DISTRICT HOSPITAL,34.2745,-0.09021,1,MOH
GOBEI DISP,34.2905,-0.09021,4,MOH
GOT AGULU HEALTH CENTRE,34.0248,-0.0341,3,MOH
GOT MATAR DISP,34.1315,-0.0309,4,MOH
KAGWA DISP,34.25665,-0.22851,4,MOH
KAGWA SDA HC,34.25637,-0.22469,3,MISS
KAPIYO DISP,34.17491,-0.08601,4,MOH
MADIANY HEALTH CENTRE,34.3224,-0.28134,3,MOH
MAGETA DISP,34.0103,-0.1325,4,MOH
MAHAYA DISP,34.34066,-0.16223,4,MOH
MANGA BAPTIST CLINIC DISP,34.3252,-0.3353,4,MISS
MANYUANDA HEALTH CENTRE,34.27609,-0.25252,3,MOH
MASALA DISP,34.292727,-0.20811,4,MOH
MISORI DISP,34.278,-0.31856,4,MOH
NAYA DISP,34.3121,-0.36255,4,MOH
NDORI DISP,34.37752,-0.06975,4,MISS
NYAGOKO DISP,34.29557,-0.17535,4,MOH
NYANGUNDA SELF HELP DISP,34.21883,-0.21243,4,NGO
ONGIELO DISP,34.377777,-0.16875,4,MOH
SARADIDI HEALTH CENTRE,34.39692,-0.11288,3,MOH
ST. CAMILUS DISPENSARY,34.284311,-0.382719,4,MISS
ST. ELIZABETH LWAK MISS. HOSPITA,34.35698,-0.13782,1,MISS
ST.ANNE NYANGOMA DISP AND MCH,34.19813,-0.15277,4,MISS
ULUNGO DISP,34.10807,0.01815,4,MOH
USIGU DISP,34.0994,-0.0568,4,MOH
UYAWI DISP,34.16597,-0.16139,4,MOH
ASUMBI MISS H C,34.6296,-0.625835,3,MISS
FULL GOSPEL DISP,34.49,-0.52066,4,MISS
GOT KOJOWI H C,34.2553,-0.752199,3,MOH
GOT KOKECH FULL GOSPEL DISP,34.493117,-0.50646,4,MISS
HOMA BAY DISTRICT HOSPITAL,34.4599,-0.52474,1,MOH
KAMRERI (COG) DISP,34.530727,-0.541582,4,MISS
KANYAMKAGO OBER DISP,34.51781,-0.69557,4,MOH
KIRANDA DISP,34.591528,-0.464907,4,MISS
LAMBWE FOREST DISP,34.307,-0.67757,4,MOH
MAGINA H C,34.5158,-0.69035,3,MOH
MALELA DISP,34.459601,-0.528492,4,MISS
MALELA DISP,34.39193,-0.58486,4,MOH
MANYATTA S D A HOSPITAL,34.6169,-0.4932,1,MISS
MARINDI DISP,34.5061,-0.663833,4,MOH
MIROGI MISS H C,34.3364,-0.68961,3,MISS
NDHIWA H C,34.3322,-0.732657,3,MOH
NDIRU H C,34.5812,-0.50254,3,MOH
NYAGORO H C,34.5293,-0.507608,3,MOH
NYAGWETHE DISP,34.57,-0.65,4,MISS
NYARONGI DISP,34.26434,-0.75899,4,MOH
OBER KABUOCH DISP,34.4258,-0.75021,4,MOH
OBERA HEALTH CENTRE,34.4844,-0.69451,3,MOH
OGANDE C P K DISP,34.5003,-0.58438,4,MISS
OMBO KACHIENG DISP,34.4653,-0.73978,4,MOH
OYARO DISP,34.36588,-0.72574,4,MOH
PALA H C,34.464,-0.82374,3,MOH
RANGWE HC,34.5988,-0.615395,3,MOH
RANGWE S D A DISP,34.601,-0.61017,4,MISS
RAPETH DISP,34.35348,-0.76837,4,MOH
WAWARE SINDO DISP,34.617906,-0.53562,4,MISS
AKADO DISP,34.4409,-0.141642,4,MOH
BARKORWA DISP,34.51371,-0.06531,4,MISS
BODI DISP,34.5087,-0.155489,4,MOH
CHIGA DISP,34.845014,-0.097199,4,LA
GOT NYABONDO DISP,34.810577,0.009604,4,MOH
HONGO NGOSA DISP,34.868784,-0.250225,4,MOH
KAJULU / GITA DISP,34.803392,-0.023373,4,LA
KAJULU KAGER DISP,34.55,-0.12,4,MISS
KISUMU DISTRICT HOSPITAL,34.7606,-0.105021,1,MOH
KOMBEWA RHTC,34.5053,-0.097329,3,MOH
LUMUMBA HOSPITAL,34.7817,-0.116,1,MISS
MANYATTA CHILDREN'S HOME DISP,34.7911,-0.089721,4,MISS
MASENO MISS. HOSPITAL,34.61018,0.00348,1,MISS
MIGOSI DISP,34.7892,-0.069119,4,LA
MIRANGA DISP,34.579,-0.059824,4,MOH
MOSQUE DISP,34.767528,-0.096339,4,LA
NDURU KADERO DISP,34.4409,-0.076558,4,MOH
NYAHERA HC,34.714786,-0.031469,3,MOH
NYALENDA SUB-HEALTH CENTRE,34.7475,-0.136876,3,MOH
NYANZA PROVINCIAL GENERAL HOSP,34.6732,-0.0919,2,MOH
OBER KAMOTH HEALTH CENTRE,34.625,-0.131256,3,LA
OGEN DISP,34.656448,-0.079079,4,MOH
OJOLLA DISP,34.656448,-0.079079,4,LA
ONYWONGO DISP,34.7,-0.032,4,NGO
RAMUGHARIA SIKH DISP,34.761528,-0.097836,4,LA
RERU DISP,34.4436,-0.095945,4,MOH
RERU DISP,34.45195,-0.10021,4,MISS
ROTA DISP,34.5332,-0.033521,4,MOH
SIRIBA DISP,34.6043,0.005144,4,MOH
ST. CLARES BOLO MISSION DISP,34.88686,-0.04448,4,MISS
ST. MONICAS HOSPITAL KISUMU,34.76971,-0.0422,1,MISS
TOWN HALL DISP,34.75684,-0.086017,4,LA
VICTORIA HOSPITAL,34.7576,-0.117106,1,MOH
AGENGA SUB-HEALTH CENTRE,34.2474,-0.935185,3,MOH
AIC AHANGO DISP,34.18,-1.07,4,MISS
AWENDO HEALTH CENTRE,34.5238,-0.897013,3,MOH
BWARE DISP,34.2302,-0.866402,4,MOH
DEDE DISP,34.5331,-0.814374,4,MOH
GIRIBE DISP,34.283039,-1.101758,4,MISS
KADEM MISSION DISP,34.2729,-1.00593,4,MISS
KAMAGAMBO SDA DISP,34.6234,-0.737655,4,MISS
KANYAGWALA DISP,34.5437,-0.849252,4,MOH
KANYAMGONY DISP,34.5118,-0.834326,4,MOH
KANYIMACH SUB-HEALTH CENTRE,34.6113,-0.968655,3,MOH
KANYOUR DISP,34.1706,-0.904643,4,MOH
KARUNGU HEALTH CENTRE,34.1565,-0.841291,3,MOH
KUJA DISP,34.5661,-0.816578,4,MOH
KWOYO KODALO HEALTH CENTRE,34.5088,-0.776614,3,MOH
MACALDER DISP,34.281532,-0.955856,4,MISS
MACALDER HEALTH CENTRE,34.2996,-0.969037,3,MOH
MARIWA HEALTH CENTRE,34.5469,-0.958705,3,MOH
MATOSO MISSION DISP,34.1448,-0.970575,4,MISS
MIGORI DISTRICT HOSPITAL,34.4694,-1.06321,1,MOH
MUHURU HEALTH CENTRE,34.084083,-0.997569,3,MOH
NDIWA DISP,34.2712,-0.884373,4,MOH
NYAKURU DISP,34.5,-0.8,4,MOH
NYAMARAGA DISP,34.3712,-1.1323,4,MOH
OGWEDHI DISP,34.5914,-1.0671,4,MOH
OLASI DISP,34.2112,-1.08044,4,MOH
ONGITO  DISP,34.3223,-0.9324,4,MOH
ONGO SUB HEALTH CENTRE,34.5712,-0.6623,3,MOH
OSOGO DISP,34.4206,-0.977739,4,MOH
OTHORO DISP,34.3521,-0.9423,4,MOH
OTHOTHRAKUOM DISP,34.1944,-0.995204,4,MOH
OYANI DISP,34.5168,-1.00547,4,MOH
OYANI SDA DISP,34.3699,-0.928388,4,MISS
RABONDO DISP,34.4925,-0.8424,4,MOH
RAKWARO MISSION HC,34.6016,-0.789024,3,MISS
RANEN SDA HEALTH CENTRE,34.565619,-0.858454,3,MISS
RAPOGI CATHOLIC HEALTH CENTRE,34.4647,-0.907048,3,MISS
RIAT DISP,34.1645,-0.797676,4,MOH
RONGO HEALTH CENTRE,34.6021,-0.744324,3,MOH
SIBUOCHE DISP,34.3673,-0.969737,4,MOH
ST. CAMILUS HOSPITAL KARUNGU,34.1983,-0.8123,4,MISS
ST. JOHN BAPTIST (STAGE MISSION),34.57,-0.8,4,MISS
ST. JOSEPH OMBO HOSPITAL,34.4333,-1.08333,1,MISS
ULANDA MISSION HC,34.5682,-0.991596,3,MISS
URIRI SUB-HEALTH CENTRE,34.5051,-0.942382,3,MOH
WATH ONGER DISP,34.1859,-0.956398,4,MOH
AHERO HOSPITAL,34.9234,-0.165363,1,MOH
ANDIGO OPANGA DISP,34.8405,-0.362403,4,MOH
ANGORO DISP,35.1184,-0.164326,4,MISS
AWASI DISP,35.07395,-0.16043,4,MISS
BOLO MISSION DISP,34.8892,-0.332328,4,MISS
BONDE DISP,34.919277,-0.314807,4,MOH
BUNDE DISPENSARY,34.9037,-0.20166,4,MOH
CHEMELIL DISP,35.1049,-0.096918,4,MOH
CHRISTIAN CARE CENTRE,34.994037,-0.099012,4,MISS
KANDEGE DISP,35.32,-0.22,4,MOH
KATITO HEALTH CENTRE,34.9649,-0.263883,3,MOH
KIBIGORI DISP,35.0437,-0.062695,4,MOH
KIBOKO DISP,35.0126,-0.286698,4,MOH
KINASIA DISP,35.027977,-0.246469,4,MOH
KORU MISSION HEALTH CENTRE,35.27376,-0.18288,3,MISS
KUSA HEALTH CENTRE,34.854,-0.331291,3,MOH
MAKINDU DISP,35.203175,-0.149197,4,MOH
MASOGO SUB-HEALTH CENTRE,35.0095,-0.086547,3,MOH
MINARA DISP,35.2242,-0.162252,4,MOH
MUHORONI SUB-DISTRICT HOSP.,35.1889,-0.154993,1,MOH
NYABONDO MISS. HOSPITAL,34.97882,-0.37815,1,MISS
NYAKACH AIC DISP,34.93026,-0.38159,4,MISS
NYAKONGO HEALTH CENTRE,34.985492,-0.161584,3,MOH
NYAMARIMBA DISP,34.9046,-0.36828,4,MOH
NYANGOMA HEALTH CENTRE,35.0531,-0.1384,3,MOH
OBOCH DISP,34.9297,-0.380376,4,MOH
ORIEN DISP,35.0095,-0.170549,4,MISS
PAP ONDITI HOSP,34.9355,-0.313172,1,MOH
SANGOROTA DISP,34.888952,-0.344224,4,MOH
SIGOTI HEALTH CENTRE,34.969642,-0.345272,3,MOH
SONDU HEALTH CENTRE,35.0012,-0.380033,3,MOH
TAMU HEALTH CENTRE,35.2045,-0.094844,3,MOH
ADIEDO H C,34.6015,-0.420942,3,MOH
ATEMO MISSION HEALTH CENTRE,34.8612,-0.492322,3,MISS
GENDIA MISSION HOSPITAL,34.6635,-0.400901,1,MISS
GOT BER DISP,34.823568,-0.419823,4,MOH
GOT OYARO DISP,34.532,-0.38942,4,MOH
HOMA LIME H C,34.462036,-0.414279,3,MOH
KABONDO H C,34.8781,-0.40823,3,MOH
KANDIEGE H C,34.5297,-0.45638,3,MOH
KENDU BAY MISS. HOSPITAL,34.6481,-0.36543,1,MISS
KENDU SUB-DISTRICT HOSPITAL,34.6335,-0.36046,1,MOH
KOBUYA DISP,34.77,-0.37,4,MOH
KOKWONYO DISP,34.804778,-0.424202,4,MOH
KOSELE DISP,34.717615,-0.379317,4,MOH
MAWEGO MISS. H C,34.77038,-0.3896,3,MISS
MIRIU H C,34.7682,-0.33976,3,MOH
MISAMBI H C,34.9172,-0.45487,3,MISS
NYABOLA S D A DISP,34.71,-0.56,4,MISS
NYAGOWA H C,34.6592,-0.57393,3,MISS
NYANGIELA DISP,34.6906,-0.550179,4,MOH
NYASORE DISP,34.895159,-0.434471,4,MOH
OBER DISP,34.8352,-0.47143,4,MOH
OLANDO DISP,34.635,-0.46574,4,MOH
ORIANG CATHOLIC H C,34.9398,-0.44886,3,MISS
OTARO DISP,34.5685,-0.445946,4,MOH
OTHORO H C,34.9579,-0.429427,3,MOH
OYUGIS DISTRICT HOSPITAL,34.7295,-0.4921,1,MOH
RARUOWA MISS. H C,34.5437,-0.419631,3,MISS
SINO DISP,34.7592,-0.43757,4,MOH
WAGWE H C,34.5651,-0.34503,4,MOH
WIRE S D A DISP,34.7833,-0.48936,4,MISS
AKALA DISP,34.4672,-0.0349,4,MOH
ALUOR HEALTH CENTRE,34.465,0.01047,3,MISS
AMBIRA DISP,34.2644,0.1894,4,MOH
BORO DISP,34.2052,0.0671,4,MOH
DIENYA DISP,34.3969,0.0008,4,MOH
GOGO HEALTH CENTRE,34.4248,0.093434,3,MOH
HAWINGA DISP,34.1624,0.1344,4,MOH
KADENGE RATUORO DISP,34.2103,0.0375,4,MOH
KALUO DISP,34.4214,0.1609,4,MOH
KODIAGA HEALTH CENTRE,34.4566,0.106619,3,MOH
KOGELO DISP,34.3429,-0.0145,4,MOH
LIGEGA DISP,34.244,0.2119,4,MOH
MALANGA HEALTH CENTRE,34.4295,0.1334,3,MOH
MARENYO DISP,34.5345,0.062,4,MOH
MBAGA MISSION HEALTH CENTRE,34.27626,0.08298,3,MISS
MIDHINE DISP,34.5427,0.0589,4,MOH
NDERE HEALTH CENTRE,34.3857,0.1385,3,MOH
NG'IYA HEALTH CENTRE,34.372725,-0.044965,3,MISS
NJEJRA HEALTH CENTRE,34.4071,-0.001698,3,MOH
NYAGOND HEALTH CENTRE,34.4149,0.050708,3,MOH
NYAMBARE DISP,34.102043,0.133418,4,MOH
NYAMBARE FPFK DISP,34.1,0.13,4,MISS
NYANGWE HEALTH CENTRE,34.454,0.073523,3,MOH
NYAWARA HEALTH CENTRE,34.4888,0.09451,3,MOH
OGERO HEALTH CENTRE,34.4828,0.005518,3,MOH
OPICHE HEALTH CENTRE,34.4372,0.120028,3,MOH
RABAR DISP,34.190021,0.152112,4,MOH
RAMULA HEALTH CENTRE,34.4988,-0.0175,3,MOH
RANGALA MISSION HOSPITAL,34.33179,0.15529,1,MISS
RATUORO DISP,34.178541,0.03116,4,MOH
RERA HEALTH CENTRE,34.448,-0.005207,3,MOH
RWAMBWA H C,34.188548,0.196039,3,MOH
SEGA MISSION HOSPITAL,34.22549,0.25934,1,MISS
SIAYA DISTRICT HOSPITAL,34.2839,0.063129,1,MOH
SIFUYO DISP,34.1165,0.1639,4,MOH
SIGOMER HEALTH CENTRE,34.3645,0.1963,3,MOH
SIKALAME DISP,34.3714,0.2965,4,MOH
SIREMBE HEALTH CENTRE,34.4,0.095027,3,MOH
ST. LUKE MASENO WEST DIOCESE DIS,34.28555,0.06048,4,MISS
TINGARE DISP,34.3857,0.2588,4,MOH
TING'WANG'I DISP,34.3286,0.0141,4,MOH
UKWALA HEALTH CENTRE,34.1808,0.2078,3,MOH
URENGA DISP,34.4397,0.0161,4,MOH
YALA SUB-DISTRICT HOSPITAL,34.5375,0.101019,1,MOH
KAMASENGERE BORDER DISP,34.1221,-0.417221,4,MISS
KIGWA DISP,34.21112,-0.63123,4,MOH
KISEGI SUB-DISTRICT HOSPITAL,34.08234,-0.63123,1,MOH
KITARE HEALTH CENTRE,34.32213,-0.48212,3,MOH
LUANDA GWASI SDA DISP,34.105024,-0.718275,4,MISS
MAGUNGA HEALTH CENTRE,34.1474,-0.69086,3,MOH
MBITA HEALTH CENTRE,34.2043,-0.467294,3,MOH
NYADENDA DISP,34.25123,-0.58124,4,MOH
NYANGWETHE DISP,34.098966,-0.608032,4,MISS
NYS DISP,34.24123,-0.62321,4,MOH
OGONGO HEALTH CENTRE,34.35123,-0.58123,3,MOH
PONGE DISP,34.25231,-0.54123,4,MOH
SENA HEALTH CENTRE,34.0621,-0.4679,3,MOH
SHARE KENYA DISP,34.212035,-0.42172,4,NGO
SINDO RHDC ( AGG. SUBA DISTRICT,34.1658,-0.541249,1,MOH
SOKLO DISP,34.02231,-0.46231,4,MOH
ST.  LUKE'S HEALTH CENTRE,34.061272,-0.479827,3,MISS
ST. MARY'S DISP,34.20852,-0.46,4,MISS
TOM MBOYA MEMORIAL DISTRICT HOSP,34.17231,-0.40123,1,MOH
TONGA HEALTH CENTRE,34.1178,-0.6931,3,MISS
UGINA DISP,34.00212,-0.49123,4,MOH
USAO DISP,34.3754,-0.460573,4,MOH
WAKULA DISP,34.01232,-0.44123,4,MOH
AIYEBO DISP,35.8125,0.667621,4,MOH
AMAYA MISSION DISP,36.450123,0.82124,4,MISS
BARPELLO DISP,35.9076,1.16278,4,MISS
BARTABWA DISP,35.816,0.836503,4,MOH
BARTOLIMO DISP,35.8225,0.691064,4,MOH
BARWESA H C,35.7013,0.713168,3,MOH
BOROWININ DISP,35.7792,0.440082,4,MOH
BOSSEI DISP,35.777,0.682357,4,MOH
CATHOLIC MISSION MARIGAT DISP,35.9754,0.476401,4,MISS
CHEMALENGOT H C,35.9877,0.987236,3,MOH
CHEMONLIMGOT DISP,35.9877,0.987236,4,MISS
CHEPLAMBUS DISP,35.7504,0.284218,4,MOH
CHURO SUB-HEALTH CENTRE,36.4168,0.781098,3,MISS
KABARNET DISTRICT HOSPITAL,35.735,0.4951,1,MOH
KABARTONJO H C,35.7877,0.626092,3,MOH
KALABATA DISP,35.77,0.94,4,MOH
KAMPI YA SAMAKI SUB-H C,36.0224,0.641564,3,MOH
KAPCHEPKOR DISP,35.8192,0.624083,4,MOH
KAPEDO SUB-DISTRICT HOSPITAL,36.0901,1.159,1,MOH
KAPKELELWA DISP,35.7144,0.367105,4,MOH
KAPKIAMO DISP,35.7823,0.655565,4,MOH
KAPKOLE DISP,35.7351,0.53378,4,MOH
KAPLUK DISP,35.6678,0.568488,4,MOH
KAPROPITA GIRLS HIGH SCH. DISP,35.7522,0.488733,4,MOH
KAPTIONY DISP,35.7401,0.702451,4,MOH
KAPTUM DISP,35.7488,0.622743,4,MOH
KAPTUMIN DISP,35.8225,0.654225,4,MOH
KASISIT DISP,35.8312,0.63614,4,MOH
KASITET DISP,35.6918,0.405846,4,MOH
KASOK DISP,35.7971,0.723215,4,MOH
KETURWO DISP,35.6946,0.660923,4,MOH
KIBINGOR DISP,35.8648,0.520266,4,MOH
KIBOINO DISP,35.6828,0.455398,4,MOH
KIMALEL H C,35.8828,0.477825,3,MOH
KIMUGUL DISP,35.8145,0.713168,4,MOH
KINYACH DISP,35.69,0.914745,4,MOH
KIPCHERERE DISP,35.8585,0.604054,4,MOH
KIPSARAMANI CATHOLIC DISP,35.745334,0.494975,4,MISS
KIPTAGICH H C,35.7909,0.358997,3,MOH
KISERIAN AIC DISP,36.1164,0.549016,4,MISS
KITURO H C,35.7846,0.484228,3,MOH
KOKWA COMMUNITY DISP,36.0708,0.623054,4,NGO
KOKWOTOTO DISP,36.2835,0.891845,4,MISS
KOLOA H C,35.7587,1.2162,3,MOH
KOMOLION DISP,36.085,0.69994,4,MISS
KORIEMA DISP,35.861213,0.481214,4,MOH
KOROTO DISP,35.9129,0.630781,4,MOH
KOSITEI MISSION DISP,35.9419,0.949074,4,MISS
KUIKUI HC,35.6919,0.821236,3,MISS
LOIWAT DISP,35.7239,1.04812,4,MOH
LORUK DISP,36.0523,0.731265,4,MOH
MARIGAT H C,35.9782,0.487792,3,MOH
MARIGAT MISSION DISP,35.98784,0.476126,4,MISS
MARON DISP,35.9076,1.10744,4,MISS
MOGORWA H C,35.7189,0.304039,3,MOH
MUKUTANI DISP,36.2531,0.638716,4,MISS
NGETMOI DISP,35.8207,0.416657,4,MOH
NGINYANG HC,36.0202,0.968155,3,MOH
NGORONG (FGC) DISP,35.774,1.29635,4,MISS
OL-ARABEL DISP,36.18,0.45,4,MOH
ORUS AIC DISP,36.3983,0.869374,4,MISS
POI DISP,35.8064,0.748719,4,MOH
SABOR DISP,35.8586,0.402363,4,MOH
SALAWA H C,35.6603,0.499544,3,MOH
SERETUNIN SUB-H C,35.7864,0.556304,3,MOH
SIBILO(FGC) DISP,35.9129,0.724555,4,MISS
SUMEIYON DISP,35.7555,0.583894,4,MOH
TALAI DISP,35.809,0.586035,4,MOH
TANGULBEI DISP,36.2872,0.809574,4,MOH
TENGES H C,35.8045,0.327464,3,MOH
TIMBOIYWO DISP,35.7972,0.422063,4,MOH
TIRIMIONIN DISP,35.8044,0.654225,4,MOH
TIRIONDONIN DISP,35.7555,0.650876,4,MOH
YATYA DISP,35.9305,0.796428,4,MOH
BOMET SUB-HEALTH CENTRE,35.33807,-0.78031,3,MOH
BURGEI DISP,35.11234,-0.79234,4,MOH
CHEBOYO DISP,35.14243,-0.93241,4,MOH
CHEBUNYO DISP,35.2106,-0.95953,4,MOH
CHEMANER DISP,35.5042,-0.808628,4,MOH
CHEPWOSTUIYET DISP,35.15234,-0.841234,4,MOH
CHESOEN DISP,35.28123,-0.70124,4,MOH
GELEGELE DISP,35.0385,-0.872233,4,MOH
GORGOR DISP,35.0788,-0.896847,4,MOH
IRWAGA DISP,35.37412,-0.74123,4,MOH
KABOSON (AGC) HEALTH CENTRE,35.2314,-0.988218,3,MISS
KANUSIN DISP,35.2281,-0.791999,4,MOH
KAPKESOSIO DISP,35.293,-0.860177,4,MOH
KAPKOROS HEALTH CENTRE,35.275022,-0.665095,3,MOH
KAPKURES DISP,35.1491,-0.772466,4,MOH
KATARET DISP,35.182354,-0.92324,4,MOH
KIPSUTER DISP,35.23241,-0.92324,4,MOH
KIPTULWA DISP,35.16234,-0.781234,4,MOH
KIROMWOK DISP,35.41245,-0.741236,4,MOH
KITOBEN DISP,35.40123,-0.72123,4,MOH
LONGISA DISTRICT HOSPITAL,35.38941,-0.85793,1,MOH
LUGUMEK DISP,35.293236,-0.999671,4,MOH
MAKIMENYI DISP,35.1948,-0.83482,4,MOH
MENET DISP,35.452341,-0.771423,4,MOH
MERIGI DISP,35.40123,-0.771423,4,MOH
MOTIRET DISP,35.13241,-0.80234,4,MOH
NDANAI HEALTH CENTRE,35.1067,-0.829001,3,MOH
NDARAWETA DISP,35.3678,-0.680587,4,MOH
OLBUTYO (AGC) DISP,35.24123,-0.875123,4,MISS
OLBUTYO H C,35.24234,-0.873524,3,MOH
OLOKYIN DISP,35.3878,-0.946646,4,MOH
RONGENA DISP,35.1121,-0.72411,4,MOH
SARUCHAT DISP,35.08,-0.75,4,MOH
SEGUTIET DISP,35.25123,-0.70123,4,MOH
SIGOR SUB-DISTRICT HOSPITAL,35.2973,-0.918919,1,MOH
SIGORWET DISP,35.2988,-0.729233,4,MOH
SILIBWET DISP,35.34123,-0.73234,4,MOH
SIOGIROI HEALTH CENTRE,35.2131,-0.873065,3,MOH
SOYMET DISP,35.2141,-0.71421,4,MOH
ST. AUGUSTUS MEDICAL DISP,35.340059,-0.777641,4,MISS
TARAKWA DISP,35.268,-0.75209,4,MOH
TEGAT DISP,35.4776,-0.789094,4,MOH
TENWEK MISS. HOSPITAL,35.3317,-0.71221,1,MISS
CHEBANGANG HEALTH CENTRE,35.296326,-0.544006,3,MOH
CHEMALAL DISP,35.2,-0.52,4,MOH
CHEPCHABAS DISP,35.3246,-0.461088,4,MOH
CHEPTALAL SUB-DISRICT HOSPITAL,35.3878,-0.610343,1,MOH
ITARE FOREST DISP,35.2973,-0.580631,4,MOH
KINYAGORO DISP,35.21451,-0.576262,4,MOH
KOIWA H C,35.3321,-0.60231,3,MOH
MOGOGOSIEK DISP,35.268,-0.620721,4,MOH
SIOMO DISP,35.3812,-0.55412,4,MOH
ACK MUTUKANIO DISP,35.97143,-0.43226,4,MISS
AIC SUBUKIA DISP,36.22833,0.0055,4,MISS
APDK DISP,36.08022,-0.27958,4,NGO
ASTU GILGIL DISP,36.33384,-0.46977,4,MOH
BAHATI DISP,36.15276,-0.15104,4,MOH
BAHATI RHDC (NAKURU),36.12324,-0.16743,3,MOH
BANITA DISP,36.07525,-0.07274,4,MOH
BARAKA MISSION DISP(NAKURU),35.73,-0.25,4,MISS
CHEBARA HEALTH CENTRE,35.6792,-0.47481,3,MOH
CHEPAKUNDI DISP,35.6553,-0.67506,4,MOH
CRESCENT MEDICAL DISP,36.07409,-0.28508,4,MISS
EBURRU DISP,36.307,-0.584415,4,MOH
ELBURGON HOSPITAL,35.80739,-0.30325,1,MOH
EMETIK DISP,35.60274,-0.62071,4,MOH
ENGASHURA DISP,36.13368,-0.25569,4,MOH
EVERBEST NURSING HOME,35.74411,-0.26138,4,MISS
GILGIL HOSPITAL,36.32343,-0.50339,1,MOH
GILIGIL SISTERS HEALTH CENTRE,36.33,-0.47015,3,MISS
GITARE SISTERS DISP,36.31849,-0.49887,4,MISS
HEKIMA HEALTH CENTRE,36.08373,-0.3012,3,MISS
HURUMA HEALTH CENTRE,35.93955,-0.33391,3,MISS
IKUMBI DISP,35.6018,-0.419557,4,MOH
INDUSTRIAL AREA DISP,36.04289,-0.28027,4,MOH
KABARAK HIGH SCHOOL H C,35.967,-0.16334,4,MOH
KABATINI DISP,36.16205,-0.21116,4,MOH
KABAZI DISP,36.16727,-0.07341,4,MOH
KAMPI YA MOTO DISP,35.9473,-0.138485,4,MOH
KAMWAURA DISP/IKUMBI DISP,35.57717,-0.41059,4,MOH
KAPKURES DISP,36.03814,-0.30815,4,MOH
KAPSETEK DISP,35.95,-0.32,4,MOH
KAPSIMBEIYWO DISP,35.72376,-0.48331,4,MOH
KARAGITA DISP,36.43126,-0.77405,4,MOH
KARATE DISP,36.47842,-0.68848,4,MOH
KERINGETI HEALTH CENTRE,35.6881,-0.42267,3,MOH
KIAMBOGO DISP,36.1657,-0.607967,4,MOH
KIANJOYA DISP,36.05639,-0.54155,4,MOH
KINGS MEDICAL DISP,36.06858,-0.29509,4,MISS
KIPSYENAN HEALTH CENTRE,35.9429,-0.08323,3,MOH
KURESOI H C,35.53203,-0.42423,3,MOH
LAKE NAKURU PARK DISP,36.0571,-0.372455,4,MOH
LANGALANGA DISP,36.07136,-0.29958,4,MOH
LELECHWET DISP,35.83034,-0.2212,4,MOH
LENGINET DISP,35.9802,-0.20297,4,MOH
LIKIA DISP,35.96498,-0.53282,4,MOH
LONGONOT DISP,36.49549,-0.88025,4,MOH
LOWER SOLAI H C,36.16924,0.03186,3,MOH
LOWER SUBUKIA MISSION DISP,36.22,0.02,4,MISS
MAIELLA HEALTH CENTRE,36.2144,-0.916299,3,MOH
MAI-MAHIU HEALTH CENTRE,36.58334,-0.97517,3,MOH
MANGU DISP,35.95306,-0.21836,4,MOH
MARAIGUSHU DISP,36.52529,-0.74767,4,MOH
MARIASHONI DISP,35.7784,-0.363296,4,MOH
MAU NAROK HEALTH CENTRE,35.98812,-0.59855,3,MOH
MBOGONI HEALTH CENTRE,36.1484,0.020773,3,MOH
MITI MINGI H C,36.1199,-0.554322,3,MOH
MOGOTIO CATHOLIC HEALTH CENTRE,35.992218,-0.020078,3,MISS
MOGOTIO RHDC,35.995321,-0.02213,3,MOH
MOLO HOSPITAL,35.74045,-0.24499,1,MOH
MOLO SOUTH DISP,35.66088,-0.34235,4,MOH
MOTHER KEVIN DISP,36.05078,-0.29603,4,MISS
MUKINYAI DISP/SACHANGWAN,35.78406,-0.20245,4,MOH
MUNICIPAL COUNCIL OF NAKURU HC,36.06971,-0.28361,3,LA
MUTARAKWA DISP,35.98509,-0.46006,4,MOH
NAIVASHA DISTRICT HOSPITAL,36.43753,-0.71633,1,MOH
NAKURU DISP,36.076919,-0.281887,4,NGO
NAKURU PGH ANNEX,36.08029,-0.2797,2,MOH
NAKURU PROVINCIAL GENERAL HOSP,36.0732,-0.28133,2,MOH
NAKURU WEST DISP,36.06187,-0.29119,4,MOH
NDABIBI DISP,36.2233,-0.764975,4,MOH
NDOINET DISP,35.53622,-0.41324,4,MOH
NDUNDORI HEALTH CENTRE,36.2339,-0.235677,3,MOH
NESSUIT DISP,35.89834,-0.39088,4,MOH
NJORO HEALTH CENTRE,35.93812,-0.33138,3,MOH
NYAKIAMBI DISP,35.86123,-0.33124,4,MOH
NYAMAMITHI DISP,36.22108,0.11517,4,MOH
NYAMATHI DISP,36.51153,-0.77738,4,MOH
NYS GILGIL DISP,36.31161,-0.47958,4,MOH
NYS NAIVASHA DISP,36.48788,-0.64834,4,MOH
OGILGEI DISP,35.9559,-0.29438,4,MOH
OLENGURUENE HEALTH CENTRE,35.68496,-0.58851,3,MOH
OLRONGAI DISP,36.0089,-0.177176,4,MOH
PCEA  DISP,35.94395,-0.32113,4,MISS
PCEA NAKURU WEST DISP,36.05525,-0.28905,4,MISS
PCEA UMOJA DISP,35.93096,-0.20712,4,MISS
PWANI DISP,36.02324,-0.39012,4,MOH
RARE DISP,36.0069,-0.44341,4,MOH
ROCCO DISP,36.29123,-0.75123,4,MOH
RONGAI HEALTH CENTRE,35.85911,-0.17066,3,MOH
SIAPEI HEALTH CENTRE,35.9929,-0.597156,3,MOH
ST FRANCIS HEALTH CENTRE,36.2486,0.156732,3,MISS
ST. CLAIRE DISP,35.811834,-0.299628,4,MISS
ST. FRANCIS CATHOLIC HEALTH CENT,36.08,-0.47,3,MISS
ST. MARTIN'S DISP,35.72882,-0.241789,4,MISS
STATE HOUSE NAKURU DISP,36.08157,-0.28154,4,MOH
SUBUKIA HEALTH CENTRE,36.22949,0.00554,3,MOH
SUBUKU FULL GOSPEL DISP,35.96352,-0.40184,4,MISS
TERET DISP,35.94684,-0.45114,4,MOH
TINET DISP,35.61255,-0.47866,4,MOH
UPPER SOLAI HEALTH CENTRE,36.12654,-0.09957,3,MOH
ACTION AID CLINIC (NAMBALE),34.249569,0.451889,4,NGO
AGENGA DISP,34.070668,0.252663,4,MOH
BUDALANGI DISP,34.027765,0.130355,4,MOH
BUDUTA DISP,34.109533,0.22236,4,MOH
BUJUMBA ACK DISP,34.214092,0.322439,4,MISS
BUMALA ' B ' H C,34.3574,0.35675,3,MOH
BUMULA 'A' HEALTH CENTRE,34.1914,0.30231,3,MOH
BUSEMBE DISP,34.016435,0.184948,4,MOH
BUSIA DISTRICT HOSPITAL,34.104497,0.460407,1,MOH
BUSIBWABU DISPENSARY,34.201223,0.41086,4,MOH
BUTULA CATHOLIC MISSION,34.333627,0.343248,4,MISS
BWALIRO DISPENSARY,34.316199,0.378245,4,MOH
HAKATI DISP,34.011425,0.137745,4,MOH
IGARA DISP,34.363148,0.532938,4,MOH
KHAYO DISP,34.388972,0.51051,4,MOH
KHUNYANGU H C,34.25793,0.33769,3,MOH
LUPINDA HEALTH CENTRE,34.352575,0.577132,3,MOH
MADENDE DISP,34.346518,0.47665,4,MOH
MADUWA DISP,34.0223,-0.00561,4,MOH
MALANGA DISP,34.296672,0.403823,4,MOH
MATAYO'S H C,34.165233,0.365967,3,MOH
MUKHOBOBLA H C,34.029852,0.081572,3,MOH
MUNDONGO DISPENSARY,34.121233,0.380793,4,MOH
NAMBALE H C,34.14324,0.27348,3,MOH
NAMBOBOTO CATHOLIC MISSION H.,34.0957,0.32367,1,MISS
NAMBOBOTO MISSION DISP,34.09106,0.30717,4,MISS
NAMBUKU DISP,34.110365,0.318277,4,MOH
NANGINA DISP,34.098623,0.27726,4,MOH
NANGINA MISSION HOSPITAL,34.105452,0.277485,1,MISS
PORT VICTORIA SUB-DISTRICT HOSP,33.975805,0.097198,1,MOH
RUKALA DISP,33.992112,0.056622,4,MOH
SIO PORT H C,34.021322,0.22515,3,MOH
SIRIMBA DISPENSARY (ST. JUDE),34.058927,0.144207,4,MISS
